user_id,username,full_name,centre
08d492e0-7d33-441a-9931-426300f83f8a,wrk_teacher1,WRK Teacher 1,WRK
01f398a3-140d-490a-9333-11e1f8df2bd0,wrk_teacher2,WRK Teacher 2,WRK
67467af9-4171-4a53-a756-071567b1d04e,wrk_teacher3,WRK Teacher 3,WRK
f58407ab-d060-4a15-8b08-a773f304e825,wrk_teacher4,WRK Teacher 4,WRK
e203639b-d73e-4095-bca2-26f7b34260ed,wrk_teacher5,WRK Teacher 5,WRK
6fa11576-117e-48d1-8a44-b77fed113e47,wrs_teacher1,WRS Teacher 1,WRS
6e0a6e20-d423-496a-aad7-09ecb6c517bb,wrs_teacher2,WRS Teacher 2,WRS
18773512-fe0b-4384-a162-c025fa2a03c8,wrs_teacher3,WRS Teacher 3,WRS
064261a4-2eef-415a-91e7-7bfc288a515a,wrs_teacher4,WRS Teacher 4,WRS
99158950-81d0-49f9-8fd9-382d48677731,wrs_teacher5,WRS Teacher 5,WRS
aa1a3dc6-98ce-4278-9186-c918a7c006e0,wrg_teacher1,WRG Teacher 1,WRG
e4fa8125-2258-47bf-940e-dfb5c127bf26,wrg_teacher2,WRG Teacher 2,WRG
e32fa7ff-d3ac-45f9-80d1-5c33f150461d,wrg_teacher3,WRG Teacher 3,WRG
f5279e2e-4e68-4bf9-9019-9302bd55f0a8,wrg_teacher4,WRG Teacher 4,WRG
808e6d9e-dfbf-421c-b9b4-4a53367658b7,wrg_teacher5,WRG Teacher 5,WRG
d7bc625b-8d62-4cd5-aefc-117c3d7641c2,wrz_teacher1,WRZ Teacher 1,WRZ
139571a9-0b26-40d0-a365-f95c25d800f7,wrz_teacher2,WRZ Teacher 2,WRZ
2cc4b24c-a2a0-4d6f-9b2f-b4d80653e12b,wrz_teacher3,WRZ Teacher 3,WRZ
d298467b-33f1-4316-943b-7620d1860aa7,wrz_teacher4,WRZ Teacher 4,WRZ
d8783b59-1cbd-49e0-b2dd-3908d9b3cb99,wrz_teacher5,WRZ Teacher 5,WRZ
0272e486-d627-4f87-b163-41f21e430cf5,wrt_teacher1,WRT Teacher 1,WRT
6f57a701-cba6-486d-9070-04bb9d5a54f8,wrt_teacher2,WRT Teacher 2,WRT
cf17dfd7-bb96-43ae-be38-1a69281257be,wrt_teacher3,WRT Teacher 3,WRT
db581368-e04c-425a-96fb-91f4d65891c5,wrt_teacher4,WRT Teacher 4,WRT
4eca8f05-7cd9-428e-bc62-bc34c971bf7c,wrt_teacher5,WRT Teacher 5,WRT
e331e1b5-fe8e-4239-9a00-dcf5b6e29bb4,wrn_teacher1,WRN Teacher 1,WRN
24fdaa62-407c-4b34-a163-3f9ad427d41d,wrn_teacher2,WRN Teacher 2,WRN
a62031dd-00f7-4825-9eb9-9f732cf81b6e,wrn_teacher3,WRN Teacher 3,WRN
ba6b876b-045f-4934-9c0c-39f4d56e7b8a,wrn_teacher4,WRN Teacher 4,WRN
627190fd-bdb4-48e8-8d04-8629f46ed14e,wrn_teacher5,WRN Teacher 5,WRN
fd570018-1d8b-47d3-99c7-14ca9018471b,wrl_teacher1,WRL Teacher 1,WRL
8d186a40-5030-4183-8115-d2747125b56c,wrl_teacher2,WRL Teacher 2,WRL
8eac0d52-d888-42bf-89e0-f71e5bb30105,wrl_teacher3,WRL Teacher 3,WRL
84f0cba8-27db-4f59-bef5-59cb496d9b79,wrl_teacher4,WRL Teacher 4,WRL
e94528f7-3bb2-4392-bf68-6494abcc96a9,wrl_teacher5,WRL Teacher 5,WRL
d6017766-4a7d-4124-9be6-487ff52db70c,wrb_teacher1,WRB Teacher 1,WRB
64ff6b90-7c71-4507-8ac0-50900340e59f,wrb_teacher2,WRB Teacher 2,WRB
023d569d-b48a-496b-a333-6103741ff2ea,wrb_teacher3,WRB Teacher 3,WRB
50143541-5ce6-4e3b-9aed-178cb388ae87,wrb_teacher4,WRB Teacher 4,WRB
6e587d49-414e-4da9-af3d-32162712e4f9,wrb_teacher5,WRB Teacher 5,WRB
5223e199-877f-4d3a-bab3-c12929c0683f,wru_teacher1,WRU Teacher 1,WRU
de5587a4-7566-4982-887d-f6a0b35f662d,wru_teacher2,WRU Teacher 2,WRU
8050e4a2-a578-40dd-a76f-a934e0fc3995,wru_teacher3,WRU Teacher 3,WRU
ece98e91-c403-435b-a87d-e2c759665283,wru_teacher4,WRU Teacher 4,WRU
bad68197-2730-4537-a53f-26a11ee6c5e4,wru_teacher5,WRU Teacher 5,WRU
97fd8d8b-2dcf-498a-9d9f-b63dcffb6714,wrm_teacher1,WRM Teacher 1,WRM
d917b440-4ec0-4e02-8173-0ee8263da7e1,wrm_teacher2,WRM Teacher 2,WRM
0a697c27-ab64-4b20-b362-aec3a2e6714a,wrm_teacher3,WRM Teacher 3,WRM
48c3a848-47c3-478d-82d7-9157251248f5,wrm_teacher4,WRM Teacher 4,WRM
a79d5677-4258-4f34-9180-38f88d9feac9,wrm_teacher5,WRM Teacher 5,WRM
2223ba78-dd59-40f5-ace2-84fd14e343c8,wrv_teacher1,WRV Teacher 1,WRV
40cd39d3-7e77-4d27-871f-90fcc080ea2e,wrv_teacher2,WRV Teacher 2,WRV
0a782d13-dc20-4e26-8fcd-d6e7d7ed0a9f,wrv_teacher3,WRV Teacher 3,WRV
dd29e757-0804-4600-b820-3ef13c9eb186,wrv_teacher4,WRV Teacher 4,WRV
9efded4e-4c03-4096-b8bb-03581e79d8d3,wrv_teacher5,WRV Teacher 5,WRV
25fed747-53e4-419d-a0c8-f352d4ab6edf,wrc_teacher1,WRC Teacher 1,WRC
d644ec9f-d5e2-4602-9080-3dbae2931151,wrc_teacher2,WRC Teacher 2,WRC
1ce4bf5a-e167-4c24-b0e1-07bb417192c7,wrc_teacher3,WRC Teacher 3,WRC
a3e19aa8-2c26-4401-b3d5-5c5f6bd8692f,wrc_teacher4,WRC Teacher 4,WRC
ffad4fb5-512d-4a4e-acfb-9ed8006794bc,wrc_teacher5,WRC Teacher 5,WRC
6b85f7db-642b-4430-991e-7837ad1aac38,wre_teacher1,WRE Teacher 1,WRE
9558a30e-b26d-4976-b02a-534eb1936f0c,wre_teacher2,WRE Teacher 2,WRE
4db3167a-3308-4d42-92bc-cb4233250f2f,wre_teacher3,WRE Teacher 3,WRE
3c8f1638-ddca-4b84-b6fa-566534524a75,wre_teacher4,WRE Teacher 4,WRE
cc563b42-0562-4e4d-b178-098f6086e35c,wre_teacher5,WRE Teacher 5,WRE
c09246de-7e90-4ebc-bb64-3553f65d9dd9,wrw_teacher1,WRW Teacher 1,WRW
13236c52-5e3c-494d-92f8-2ee8cf3d9e21,wrw_teacher2,WRW Teacher 2,WRW
0c3ee434-af13-4f16-b4f6-6fb29aa03a53,wrw_teacher3,WRW Teacher 3,WRW
1bdd72af-d294-4b9a-86e4-8f7234b248fa,wrw_teacher4,WRW Teacher 4,WRW
165c42f9-f2d3-44e3-a0f8-2f9edf1200ec,wrw_teacher5,WRW Teacher 5,WRW

